experiment_id,workload,qp,policy,avg_k,rdo_reduction,winner_retention,candidate_recall,bitrate,psnr_y,psnr_u,psnr_v,psnr_yuv,bd_rate_percent,estimated_batches,estimated_cycles,status
phase4-mixed-texture-192x128-4f-yuv420p8-all-intra-full-rdo-qp22-adaptive-hw-p8-adc2ba05e333,phase4-mixed-texture-192x128-4f-yuv420p8,22,adaptive_hw_batch_fill_p8,8.0,0.7714285714285715,0.7430351906158358,0.7430351906158358,4303.56,40.9005,40.5334,40.5858,40.7828,0.3431680303839668,1.0,14.0,PASS
phase4-mixed-texture-192x128-4f-yuv420p8-all-intra-full-rdo-qp22-adaptive-hw-v1-p8-242d8b832b3b,phase4-mixed-texture-192x128-4f-yuv420p8,22,adaptive_hw_v1_p8,30.041055718475075,0.14168412232928362,0.9725073313782991,0.9725073313782991,4319.76,41.1104,40.6784,40.7385,40.9688,0.021225307526706594,4.25366568914956,43.28299120234604,PASS
phase4-mixed-texture-192x128-4f-yuv420p8-all-intra-full-rdo-qp22-adaptive-threshold-81f963607573,phase4-mixed-texture-192x128-4f-yuv420p8,22,adaptive_threshold,29.295821114369502,0.1629765395894428,0.979594330400782,0.979594330400782,4306.32,41.0753,40.7016,40.7539,40.9547,-0.012670532943204194,4.099340175953079,41.89406158357771,PASS
phase4-mixed-texture-192x128-4f-yuv420p8-all-intra-full-rdo-qp22-adaptive-v0-08c76f6dd3c2,phase4-mixed-texture-192x128-4f-yuv420p8,22,adaptive_v0,12.026881720430108,0.6563748079877112,0.8236803519061584,0.8236803519061584,4302.0,40.9229,40.5428,40.6448,40.8087,0.08763313391533245,1.5940860215053763,19.346774193548388,PASS
phase4-mixed-texture-192x128-4f-yuv420p8-all-intra-full-rdo-qp22-fixed-k16-9d0cec88df4f,phase4-mixed-texture-192x128-4f-yuv420p8,22,fixed_k16,16.0,0.5428571428571429,0.9016373411534702,0.9016373411534702,4315.26,41.0557,40.6525,40.7179,40.9267,0.0006323977034483619,2.0,23.0,PASS
phase4-mixed-texture-192x128-4f-yuv420p8-all-intra-full-rdo-qp22-fixed-k2-33a8adeefe20,phase4-mixed-texture-192x128-4f-yuv420p8,22,fixed_k2,2.0,0.9428571428571428,0.39626099706744866,0.39626099706744866,4275.36,40.7114,40.4121,40.4895,40.6215,0.354701997658613,1.0,14.0,PASS
phase4-mixed-texture-192x128-4f-yuv420p8-all-intra-full-rdo-qp22-fixed-k4-a7295d8a9d6a,phase4-mixed-texture-192x128-4f-yuv420p8,22,fixed_k4,4.0,0.8857142857142857,0.5674486803519062,0.5674486803519062,4281.3,40.7722,40.5179,40.6071,40.7006,0.49551563345127114,1.0,14.0,PASS
phase4-mixed-texture-192x128-4f-yuv420p8-all-intra-full-rdo-qp22-fixed-k8-1591ab442331,phase4-mixed-texture-192x128-4f-yuv420p8,22,fixed_k8,8.0,0.7714285714285715,0.7430351906158358,0.7430351906158358,4303.56,40.9005,40.5334,40.5858,40.7828,0.3431680303839668,1.0,14.0,PASS
phase4-mixed-texture-192x128-4f-yuv420p8-all-intra-full-rdo-qp22-9235f8f88639,phase4-mixed-texture-192x128-4f-yuv420p8,22,full_rdo,35.0,0.0,1.0,1.0,4328.04,41.1498,40.7008,40.7419,40.9993,0.0,5.0,50.0,PASS
phase4-mixed-texture-192x128-4f-yuv420p8-all-intra-full-rdo-qp22-relative-satd-79a8b380ad60,phase4-mixed-texture-192x128-4f-yuv420p8,22,relative_satd,31.418377321603128,0.10233207652562493,0.9931573802541545,0.9931573802541545,4328.1,41.1473,40.7099,40.7514,41.001,0.003447842773529608,4.4490469208211145,45.04142228739003,PASS
phase4-mixed-texture-192x128-4f-yuv420p8-all-intra-full-rdo-qp27-adaptive-hw-p8-5d4bbdee4d5e,phase4-mixed-texture-192x128-4f-yuv420p8,27,adaptive_hw_batch_fill_p8,8.0,0.7714285714285715,0.7649071358748778,0.7649071358748778,3259.5,35.7344,35.3261,35.4237,35.6108,0.3431680303839668,1.0,14.0,PASS
phase4-mixed-texture-192x128-4f-yuv420p8-all-intra-full-rdo-qp27-adaptive-hw-v1-p8-083e8482e44c,phase4-mixed-texture-192x128-4f-yuv420p8,27,adaptive_hw_v1_p8,29.214565004887586,0.16529814271749754,0.9712854349951124,0.9712854349951124,3271.2,35.7924,35.4049,35.5032,35.6757,0.021225307526706594,4.129887585532747,42.168988269794724,PASS
phase4-mixed-texture-192x128-4f-yuv420p8-all-intra-full-rdo-qp27-adaptive-threshold-27e35e788c9f,phase4-mixed-texture-192x128-4f-yuv420p8,27,adaptive_threshold,29.655669599217987,0.15269515430805758,0.9813049853372434,0.9813049853372434,3271.74,35.8033,35.4338,35.55,35.6962,-0.012670532943204194,4.156158357771261,42.40542521994135,PASS
phase4-mixed-texture-192x128-4f-yuv420p8-all-intra-full-rdo-qp27-adaptive-v0-a944dc3dd977,phase4-mixed-texture-192x128-4f-yuv420p8,27,adaptive_v0,12.108993157380255,0.6540287669319927,0.8385874877810362,0.8385874877810362,3263.28,35.7541,35.3242,35.3808,35.6152,0.08763313391533245,1.6019061583577712,19.417155425219942,PASS
phase4-mixed-texture-192x128-4f-yuv420p8-all-intra-full-rdo-qp27-fixed-k16-f621d8668712,phase4-mixed-texture-192x128-4f-yuv420p8,27,fixed_k16,16.0,0.5428571428571429,0.9150782013685239,0.9150782013685239,3263.7,35.764,35.3493,35.3981,35.6292,0.0006323977034483619,2.0,23.0,PASS
phase4-mixed-texture-192x128-4f-yuv420p8-all-intra-full-rdo-qp27-fixed-k2-0533ab4c735f,phase4-mixed-texture-192x128-4f-yuv420p8,27,fixed_k2,2.0,0.9428571428571428,0.41605571847507333,0.41605571847507333,3260.1,35.7121,35.2796,35.3518,35.5756,0.354701997658613,1.0,14.0,PASS
phase4-mixed-texture-192x128-4f-yuv420p8-all-intra-full-rdo-qp27-fixed-k4-1825e4d8ed75,phase4-mixed-texture-192x128-4f-yuv420p8,27,fixed_k4,4.0,0.8857142857142857,0.5868768328445748,0.5868768328445748,3268.2,35.7493,35.3374,35.4162,35.6205,0.49551563345127114,1.0,14.0,PASS
phase4-mixed-texture-192x128-4f-yuv420p8-all-intra-full-rdo-qp27-fixed-k8-e500eee80608,phase4-mixed-texture-192x128-4f-yuv420p8,27,fixed_k8,8.0,0.7714285714285715,0.7649071358748778,0.7649071358748778,3259.5,35.7344,35.3261,35.4237,35.6108,0.3431680303839668,1.0,14.0,PASS
phase4-mixed-texture-192x128-4f-yuv420p8-all-intra-full-rdo-qp27-f182144ade3c,phase4-mixed-texture-192x128-4f-yuv420p8,27,full_rdo,35.0,0.0,1.0,1.0,3267.3,35.778,35.3894,35.47,35.6581,0.0,5.0,50.0,PASS
phase4-mixed-texture-192x128-4f-yuv420p8-all-intra-full-rdo-qp27-relative-satd-2fda8ecdfbef,phase4-mixed-texture-192x128-4f-yuv420p8,27,relative_satd,31.47324046920821,0.10076455802262252,0.9943792766373412,0.9943792766373412,3267.72,35.7795,35.39,35.4686,35.659,0.003447842773529608,4.457355816226784,45.11620234604106,PASS
phase4-mixed-texture-192x128-4f-yuv420p8-all-intra-full-rdo-qp32-adaptive-hw-p8-ae43391080b4,phase4-mixed-texture-192x128-4f-yuv420p8,32,adaptive_hw_batch_fill_p8,8.0,0.7714285714285715,0.7784701857282502,0.7784701857282502,2393.22,30.6958,31.8883,31.764,31.0401,0.3431680303839668,1.0,14.0,PASS
phase4-mixed-texture-192x128-4f-yuv420p8-all-intra-full-rdo-qp32-adaptive-hw-v1-p8-d4a751a4d6d3,phase4-mixed-texture-192x128-4f-yuv420p8,32,adaptive_hw_v1_p8,28.612903225806452,0.18248847926267286,0.9704301075268817,0.9704301075268817,2373.72,30.6726,31.8735,31.7897,31.0249,0.021225307526706594,4.038489736070381,41.34640762463343,PASS
phase4-mixed-texture-192x128-4f-yuv420p8-all-intra-full-rdo-qp32-adaptive-threshold-705b8f3232ea,phase4-mixed-texture-192x128-4f-yuv420p8,32,adaptive_threshold,30.256964809384165,0.13551529116045247,0.9887585532746823,0.9887585532746823,2371.38,30.6586,31.8842,31.7962,31.0173,-0.012670532943204194,4.251099706744868,43.25989736070381,PASS
phase4-mixed-texture-192x128-4f-yuv420p8-all-intra-full-rdo-qp32-adaptive-v0-9060dc190ac3,phase4-mixed-texture-192x128-4f-yuv420p8,32,adaptive_v0,12.156891495601172,0.6526602429828237,0.8497067448680352,0.8497067448680352,2376.42,30.6755,31.8499,31.7681,31.0207,0.08763313391533245,1.603494623655914,19.431451612903224,PASS
phase4-mixed-texture-192x128-4f-yuv420p8-all-intra-full-rdo-qp32-fixed-k16-daebd23c004b,phase4-mixed-texture-192x128-4f-yuv420p8,32,fixed_k16,16.0,0.5428571428571429,0.9175219941348973,0.9175219941348973,2375.28,30.6788,31.8923,31.8057,31.0344,0.0006323977034483619,2.0,23.0,PASS
phase4-mixed-texture-192x128-4f-yuv420p8-all-intra-full-rdo-qp32-fixed-k2-3e6f9948477b,phase4-mixed-texture-192x128-4f-yuv420p8,32,fixed_k2,2.0,0.9428571428571428,0.42558651026392963,0.42558651026392963,2380.14,30.6397,31.7865,31.7432,30.9828,0.354701997658613,1.0,14.0,PASS
phase4-mixed-texture-192x128-4f-yuv420p8-all-intra-full-rdo-qp32-fixed-k4-aecb8b200a66,phase4-mixed-texture-192x128-4f-yuv420p8,32,fixed_k4,4.0,0.8857142857142857,0.591275659824047,0.591275659824047,2389.92,30.6475,31.7882,31.7047,30.9831,0.49551563345127114,1.0,14.0,PASS
phase4-mixed-texture-192x128-4f-yuv420p8-all-intra-full-rdo-qp32-fixed-k8-06e562ec8ebd,phase4-mixed-texture-192x128-4f-yuv420p8,32,fixed_k8,8.0,0.7714285714285715,0.7784701857282502,0.7784701857282502,2393.22,30.6958,31.8883,31.764,31.0401,0.3431680303839668,1.0,14.0,PASS
phase4-mixed-texture-192x128-4f-yuv420p8-all-intra-full-rdo-qp32-057b69228a4f,phase4-mixed-texture-192x128-4f-yuv420p8,32,full_rdo,35.0,0.0,1.0,1.0,2371.2,30.6574,31.8842,31.7962,31.0165,0.0,5.0,50.0,PASS
phase4-mixed-texture-192x128-4f-yuv420p8-all-intra-full-rdo-qp32-relative-satd-e51eec6ac676,phase4-mixed-texture-192x128-4f-yuv420p8,32,relative_satd,31.557306940371458,0.09836265884652984,0.9953567937438905,0.9953567937438905,2371.2,30.6574,31.8842,31.7962,31.0165,0.003447842773529608,4.470307917888563,45.23277126099707,PASS
phase4-mixed-texture-192x128-4f-yuv420p8-all-intra-full-rdo-qp37-adaptive-hw-p8-3e0d5dfef3bf,phase4-mixed-texture-192x128-4f-yuv420p8,37,adaptive_hw_batch_fill_p8,8.0,0.7714285714285715,0.7993646138807429,0.7993646138807429,1578.84,25.5183,29.204,29.2172,26.4366,0.3431680303839668,1.0,14.0,PASS
phase4-mixed-texture-192x128-4f-yuv420p8-all-intra-full-rdo-qp37-adaptive-hw-v1-p8-1da83d6e1cce,phase4-mixed-texture-192x128-4f-yuv420p8,37,adaptive_hw_v1_p8,27.830400782013687,0.20484569194246616,0.9710410557184751,0.9710410557184751,1577.76,25.5139,29.2363,29.2906,26.4419,0.021225307526706594,3.9195992179863146,40.27639296187683,PASS
phase4-mixed-texture-192x128-4f-yuv420p8-all-intra-full-rdo-qp37-adaptive-threshold-d7e942307403,phase4-mixed-texture-192x128-4f-yuv420p8,37,adaptive_threshold,31.259897360703814,0.10686007540846254,0.9932795698924731,0.9932795698924731,1578.0,25.5146,29.2373,29.2949,26.443,-0.012670532943204194,4.409457478005865,44.68511730205279,PASS
phase4-mixed-texture-192x128-4f-yuv420p8-all-intra-full-rdo-qp37-adaptive-v0-c0b42964e71a,phase4-mixed-texture-192x128-4f-yuv420p8,37,adaptive_v0,12.241446725317694,0.6502443792766374,0.8607038123167156,0.8607038123167156,1572.3,25.4963,29.1907,29.2355,26.419,0.08763313391533245,1.6130254154447703,19.51722873900293,PASS
phase4-mixed-texture-192x128-4f-yuv420p8-all-intra-full-rdo-qp37-fixed-k16-a5f7762a90fc,phase4-mixed-texture-192x128-4f-yuv420p8,37,fixed_k16,16.0,0.5428571428571429,0.9243646138807429,0.9243646138807429,1572.3,25.4963,29.1907,29.2355,26.419,0.0006323977034483619,2.0,23.0,PASS
phase4-mixed-texture-192x128-4f-yuv420p8-all-intra-full-rdo-qp37-fixed-k2-15b39d960458,phase4-mixed-texture-192x128-4f-yuv420p8,37,fixed_k2,2.0,0.9428571428571428,0.44782502443792765,0.44782502443792765,1572.84,25.4946,29.2609,29.3385,26.433,0.354701997658613,1.0,14.0,PASS
phase4-mixed-texture-192x128-4f-yuv420p8-all-intra-full-rdo-qp37-fixed-k4-4c83be6bee9f,phase4-mixed-texture-192x128-4f-yuv420p8,37,fixed_k4,4.0,0.8857142857142857,0.634286412512219,0.634286412512219,1576.08,25.5072,29.2406,29.2687,26.4355,0.49551563345127114,1.0,14.0,PASS
phase4-mixed-texture-192x128-4f-yuv420p8-all-intra-full-rdo-qp37-fixed-k8-44947f307e2f,phase4-mixed-texture-192x128-4f-yuv420p8,37,fixed_k8,8.0,0.7714285714285715,0.7993646138807429,0.7993646138807429,1578.84,25.5183,29.204,29.2172,26.4366,0.3431680303839668,1.0,14.0,PASS
phase4-mixed-texture-192x128-4f-yuv420p8-all-intra-full-rdo-qp37-7ca491b3e92b,phase4-mixed-texture-192x128-4f-yuv420p8,37,full_rdo,35.0,0.0,1.0,1.0,1575.9,25.5063,29.2224,29.2701,26.4328,0.0,5.0,50.0,PASS
phase4-mixed-texture-192x128-4f-yuv420p8-all-intra-full-rdo-qp37-relative-satd-d4f9de695fe3,phase4-mixed-texture-192x128-4f-yuv420p8,37,relative_satd,31.920576735092865,0.08798352185448954,0.9970674486803519,0.9970674486803519,1575.9,25.5063,29.2224,29.2701,26.4328,0.003447842773529608,4.526026392961877,45.73423753665689,PASS
phase4-repetitive-128x96-4f-yuv420p8-all-intra-full-rdo-qp22-adaptive-hw-p8-5f503cc27714,phase4-repetitive-128x96-4f-yuv420p8,22,adaptive_hw_batch_fill_p8,8.0,0.7714285714285715,0.3816046966731898,0.3816046966731898,1258.08,44.8713,42.4285,42.4114,43.8899,-5.044495432482421e-05,1.0,14.0,PASS
phase4-repetitive-128x96-4f-yuv420p8-all-intra-full-rdo-qp22-adaptive-hw-v1-p8-1b6f84e88825,phase4-repetitive-128x96-4f-yuv420p8,22,adaptive_hw_v1_p8,20.745352250489237,0.40727564998602184,0.7000978473581213,0.7000978473581213,1257.0,44.8475,42.4285,42.4114,43.8781,0.009318262054613946,2.8752446183953033,30.87720156555773,PASS
phase4-repetitive-128x96-4f-yuv420p8-all-intra-full-rdo-qp22-adaptive-threshold-575329c82d60,phase4-repetitive-128x96-4f-yuv420p8,22,adaptive_threshold,30.33365949119374,0.1333240145373218,0.9980430528375733,0.9980430528375733,1257.0,44.8475,42.4285,42.4114,43.8781,0.009318262054613946,4.263209393346379,43.36888454011741,PASS
phase4-repetitive-128x96-4f-yuv420p8-all-intra-full-rdo-qp22-adaptive-v0-02ef19172663,phase4-repetitive-128x96-4f-yuv420p8,22,adaptive_v0,7.586105675146771,0.7832541235672351,0.35714285714285715,0.35714285714285715,1258.08,44.8713,42.4285,42.4114,43.8899,-5.044495432482421e-05,1.2773972602739727,16.496575342465754,PASS
phase4-repetitive-128x96-4f-yuv420p8-all-intra-full-rdo-qp22-fixed-k16-58f5c8c40161,phase4-repetitive-128x96-4f-yuv420p8,22,fixed_k16,16.0,0.5428571428571429,0.4637964774951076,0.4637964774951076,1257.0,44.8475,42.4285,42.4114,43.8781,0.009318262054613946,2.0,23.0,PASS
phase4-repetitive-128x96-4f-yuv420p8-all-intra-full-rdo-qp22-fixed-k2-1f8337632c6f,phase4-repetitive-128x96-4f-yuv420p8,22,fixed_k2,2.0,0.9428571428571428,0.17343444227005872,0.17343444227005872,1258.2,44.8721,42.4285,42.4114,43.8904,0.016861452896765883,1.0,14.0,PASS
phase4-repetitive-128x96-4f-yuv420p8-all-intra-full-rdo-qp22-fixed-k4-3c94adb5d30a,phase4-repetitive-128x96-4f-yuv420p8,22,fixed_k4,4.0,0.8857142857142857,0.28155577299412915,0.28155577299412915,1258.08,44.8713,42.4285,42.4114,43.8899,-5.044495432482421e-05,1.0,14.0,PASS
phase4-repetitive-128x96-4f-yuv420p8-all-intra-full-rdo-qp22-fixed-k8-f6d2a63fd6ba,phase4-repetitive-128x96-4f-yuv420p8,22,fixed_k8,8.0,0.7714285714285715,0.3816046966731898,0.3816046966731898,1258.08,44.8713,42.4285,42.4114,43.8899,-5.044495432482421e-05,1.0,14.0,PASS
phase4-repetitive-128x96-4f-yuv420p8-all-intra-full-rdo-qp22-e8ac55af565d,phase4-repetitive-128x96-4f-yuv420p8,22,full_rdo,35.0,0.0,1.0,1.0,1257.12,44.8539,42.4285,42.4114,43.8816,0.0,5.0,50.0,PASS
phase4-repetitive-128x96-4f-yuv420p8-all-intra-full-rdo-qp22-relative-satd-dd29f5ce1c03,phase4-repetitive-128x96-4f-yuv420p8,22,relative_satd,19.597358121330725,0.44007548224769355,0.6455479452054794,0.6455479452054794,1257.12,44.8539,42.4285,42.4114,43.8816,0.0,2.676859099804305,29.09173189823875,PASS
phase4-repetitive-128x96-4f-yuv420p8-all-intra-full-rdo-qp27-adaptive-hw-p8-101cd32630f7,phase4-repetitive-128x96-4f-yuv420p8,27,adaptive_hw_batch_fill_p8,8.0,0.7714285714285715,0.5009784735812133,0.5009784735812133,974.76,40.8448,38.2743,38.2851,39.8082,-5.044495432482421e-05,1.0,14.0,PASS
phase4-repetitive-128x96-4f-yuv420p8-all-intra-full-rdo-qp27-adaptive-hw-v1-p8-48f2d2d3e375,phase4-repetitive-128x96-4f-yuv420p8,27,adaptive_hw_v1_p8,18.46599804305284,0.4724000559127761,0.6795499021526419,0.6795499021526419,974.76,40.8448,38.2743,38.2851,39.8082,0.009318262054613946,2.5325342465753424,27.79280821917808,PASS
phase4-repetitive-128x96-4f-yuv420p8-all-intra-full-rdo-qp27-adaptive-threshold-888db8dc5133,phase4-repetitive-128x96-4f-yuv420p8,27,adaptive_threshold,30.33365949119374,0.1333240145373218,0.9997553816046967,0.9997553816046967,974.76,40.8448,38.2743,38.2851,39.8082,0.009318262054613946,4.263209393346379,43.36888454011741,PASS
phase4-repetitive-128x96-4f-yuv420p8-all-intra-full-rdo-qp27-adaptive-v0-1897ca1fab58,phase4-repetitive-128x96-4f-yuv420p8,27,adaptive_v0,7.642857142857143,0.7816326530612245,0.5435420743639922,0.5435420743639922,974.76,40.8448,38.2743,38.2851,39.8082,-5.044495432482421e-05,1.2871819960861057,16.584637964774952,PASS
phase4-repetitive-128x96-4f-yuv420p8-all-intra-full-rdo-qp27-fixed-k16-3bc9d20d8a35,phase4-repetitive-128x96-4f-yuv420p8,27,fixed_k16,16.0,0.5428571428571429,0.6259784735812133,0.6259784735812133,974.76,40.8448,38.2743,38.2851,39.8082,0.009318262054613946,2.0,23.0,PASS
phase4-repetitive-128x96-4f-yuv420p8-all-intra-full-rdo-qp27-fixed-k2-83734d55e859,phase4-repetitive-128x96-4f-yuv420p8,27,fixed_k2,2.0,0.9428571428571428,0.3253424657534247,0.3253424657534247,974.7,40.8454,38.2743,38.2851,39.8085,0.016861452896765883,1.0,14.0,PASS
phase4-repetitive-128x96-4f-yuv420p8-all-intra-full-rdo-qp27-fixed-k4-629099bb0075,phase4-repetitive-128x96-4f-yuv420p8,27,fixed_k4,4.0,0.8857142857142857,0.41487279843444225,0.41487279843444225,974.76,40.8448,38.2743,38.2851,39.8082,-5.044495432482421e-05,1.0,14.0,PASS
phase4-repetitive-128x96-4f-yuv420p8-all-intra-full-rdo-qp27-fixed-k8-374ec97529fd,phase4-repetitive-128x96-4f-yuv420p8,27,fixed_k8,8.0,0.7714285714285715,0.5009784735812133,0.5009784735812133,974.76,40.8448,38.2743,38.2851,39.8082,-5.044495432482421e-05,1.0,14.0,PASS
phase4-repetitive-128x96-4f-yuv420p8-all-intra-full-rdo-qp27-f8c383dadd8e,phase4-repetitive-128x96-4f-yuv420p8,27,full_rdo,35.0,0.0,1.0,1.0,974.82,40.8485,38.2743,38.2851,39.8103,0.0,5.0,50.0,PASS
phase4-repetitive-128x96-4f-yuv420p8-all-intra-full-rdo-qp27-relative-satd-6c2b9ed1382b,phase4-repetitive-128x96-4f-yuv420p8,27,relative_satd,19.578033268101763,0.4406276209113783,0.6947162426614482,0.6947162426614482,974.82,40.8485,38.2743,38.2851,39.8103,0.0,2.673679060665362,29.06311154598826,PASS
phase4-repetitive-128x96-4f-yuv420p8-all-intra-full-rdo-qp32-adaptive-hw-p8-710966b3607f,phase4-repetitive-128x96-4f-yuv420p8,32,adaptive_hw_batch_fill_p8,8.0,0.7714285714285715,0.6668297455968689,0.6668297455968689,752.88,36.1437,34.956,34.9713,35.7053,-5.044495432482421e-05,1.0,14.0,PASS
phase4-repetitive-128x96-4f-yuv420p8-all-intra-full-rdo-qp32-adaptive-hw-v1-p8-513d07131889,phase4-repetitive-128x96-4f-yuv420p8,32,adaptive_hw_v1_p8,17.732632093933464,0.4933533687447582,0.7776418786692759,0.7776418786692759,752.88,36.1437,34.956,34.9713,35.7053,0.009318262054613946,2.4246575342465753,26.82191780821918,PASS
phase4-repetitive-128x96-4f-yuv420p8-all-intra-full-rdo-qp32-adaptive-threshold-ec9d38a9cfdc,phase4-repetitive-128x96-4f-yuv420p8,32,adaptive_threshold,30.342954990215265,0.1330584288509925,1.0,1.0,752.88,36.1437,34.956,34.9713,35.7053,0.009318262054613946,4.264677103718199,43.3820939334638,PASS
phase4-repetitive-128x96-4f-yuv420p8-all-intra-full-rdo-qp32-adaptive-v0-4adffc2d5b33,phase4-repetitive-128x96-4f-yuv420p8,32,adaptive_v0,7.619373776908024,0.7823036063740565,0.6739236790606654,0.6739236790606654,752.88,36.1437,34.956,34.9713,35.7053,-5.044495432482421e-05,1.286692759295499,16.580234833659492,PASS
phase4-repetitive-128x96-4f-yuv420p8-all-intra-full-rdo-qp32-fixed-k16-1f763c9cc637,phase4-repetitive-128x96-4f-yuv420p8,32,fixed_k16,16.0,0.5428571428571429,0.7407045009784736,0.7407045009784736,752.88,36.1437,34.956,34.9713,35.7053,0.009318262054613946,2.0,23.0,PASS
phase4-repetitive-128x96-4f-yuv420p8-all-intra-full-rdo-qp32-fixed-k2-02d82199e7f4,phase4-repetitive-128x96-4f-yuv420p8,32,fixed_k2,2.0,0.9428571428571428,0.5068493150684932,0.5068493150684932,753.12,36.1408,34.9416,35.0146,35.7089,0.016861452896765883,1.0,14.0,PASS
phase4-repetitive-128x96-4f-yuv420p8-all-intra-full-rdo-qp32-fixed-k4-b44323a7135c,phase4-repetitive-128x96-4f-yuv420p8,32,fixed_k4,4.0,0.8857142857142857,0.5848825831702544,0.5848825831702544,752.88,36.1437,34.956,34.9713,35.7053,-5.044495432482421e-05,1.0,14.0,PASS
phase4-repetitive-128x96-4f-yuv420p8-all-intra-full-rdo-qp32-fixed-k8-58474deb1f66,phase4-repetitive-128x96-4f-yuv420p8,32,fixed_k8,8.0,0.7714285714285715,0.6668297455968689,0.6668297455968689,752.88,36.1437,34.956,34.9713,35.7053,-5.044495432482421e-05,1.0,14.0,PASS
phase4-repetitive-128x96-4f-yuv420p8-all-intra-full-rdo-qp32-608a398cb035,phase4-repetitive-128x96-4f-yuv420p8,32,full_rdo,35.0,0.0,1.0,1.0,752.88,36.1437,34.956,34.9713,35.7053,0.0,5.0,50.0,PASS
phase4-repetitive-128x96-4f-yuv420p8-all-intra-full-rdo-qp32-relative-satd-1941432c4743,phase4-repetitive-128x96-4f-yuv420p8,32,relative_satd,19.806506849315067,0.4340998043052837,0.8140900195694716,0.8140900195694716,752.88,36.1437,34.956,34.9713,35.7053,0.0,2.709882583170254,29.38894324853229,PASS
phase4-repetitive-128x96-4f-yuv420p8-all-intra-full-rdo-qp37-adaptive-hw-p8-4a8e592bd7f3,phase4-repetitive-128x96-4f-yuv420p8,37,adaptive_hw_batch_fill_p8,8.0,0.7714285714285715,0.7509784735812133,0.7509784735812133,578.1,31.5023,32.2076,32.1861,31.7211,-5.044495432482421e-05,1.0,14.0,PASS
phase4-repetitive-128x96-4f-yuv420p8-all-intra-full-rdo-qp37-adaptive-hw-v1-p8-f617ec343b56,phase4-repetitive-128x96-4f-yuv420p8,37,adaptive_hw_v1_p8,17.30308219178082,0.5056262230919766,0.8894324853228963,0.8894324853228963,578.1,31.5023,32.2076,32.1861,31.7211,0.009318262054613946,2.363013698630137,26.267123287671232,PASS
phase4-repetitive-128x96-4f-yuv420p8-all-intra-full-rdo-qp37-adaptive-threshold-dc6a432c87c5,phase4-repetitive-128x96-4f-yuv420p8,37,adaptive_threshold,30.36619373776908,0.13239446463516913,1.0,1.0,578.1,31.5023,32.2076,32.1861,31.7211,0.009318262054613946,4.26834637964775,43.415117416829744,PASS
phase4-repetitive-128x96-4f-yuv420p8-all-intra-full-rdo-qp37-adaptive-v0-581f11d410fa,phase4-repetitive-128x96-4f-yuv420p8,37,adaptive_v0,7.681996086105675,0.7805143975398379,0.7803326810176126,0.7803326810176126,578.1,31.5023,32.2076,32.1861,31.7211,-5.044495432482421e-05,1.2825342465753424,16.54280821917808,PASS
phase4-repetitive-128x96-4f-yuv420p8-all-intra-full-rdo-qp37-fixed-k16-5ab2b30d8497,phase4-repetitive-128x96-4f-yuv420p8,37,fixed_k16,16.0,0.5428571428571429,0.8341487279843445,0.8341487279843445,578.1,31.5023,32.2076,32.1861,31.7211,0.009318262054613946,2.0,23.0,PASS
phase4-repetitive-128x96-4f-yuv420p8-all-intra-full-rdo-qp37-fixed-k2-d389838524c2,phase4-repetitive-128x96-4f-yuv420p8,37,fixed_k2,2.0,0.9428571428571428,0.639187866927593,0.639187866927593,578.1,31.5023,32.2076,32.1861,31.7211,0.016861452896765883,1.0,14.0,PASS
phase4-repetitive-128x96-4f-yuv420p8-all-intra-full-rdo-qp37-fixed-k4-43fbe214396d,phase4-repetitive-128x96-4f-yuv420p8,37,fixed_k4,4.0,0.8857142857142857,0.6942270058708415,0.6942270058708415,578.1,31.5023,32.2076,32.1861,31.7211,-5.044495432482421e-05,1.0,14.0,PASS
phase4-repetitive-128x96-4f-yuv420p8-all-intra-full-rdo-qp37-fixed-k8-03796b28cd26,phase4-repetitive-128x96-4f-yuv420p8,37,fixed_k8,8.0,0.7714285714285715,0.7509784735812133,0.7509784735812133,578.1,31.5023,32.2076,32.1861,31.7211,-5.044495432482421e-05,1.0,14.0,PASS
phase4-repetitive-128x96-4f-yuv420p8-all-intra-full-rdo-qp37-310c87e2c90a,phase4-repetitive-128x96-4f-yuv420p8,37,full_rdo,35.0,0.0,1.0,1.0,578.1,31.5023,32.2076,32.1861,31.7211,0.0,5.0,50.0,PASS
phase4-repetitive-128x96-4f-yuv420p8-all-intra-full-rdo-qp37-relative-satd-b38da924b98b,phase4-repetitive-128x96-4f-yuv420p8,37,relative_satd,20.2204011741683,0.42227425216662007,0.9329745596868885,0.9329745596868885,578.1,31.5023,32.2076,32.1861,31.7211,0.0,2.7756849315068495,29.981164383561644,PASS
phase4-smooth-edges-96x64-4f-yuv420p8-all-intra-full-rdo-qp22-adaptive-hw-p8-69f33256df8f,phase4-smooth-edges-96x64-4f-yuv420p8,22,adaptive_hw_batch_fill_p8,8.0,0.7714285714285715,0.9192759295499021,0.9192759295499021,39.96,54.4724,56.7202,55.48,54.8294,3.9466488690710344,1.0,14.0,PASS
phase4-smooth-edges-96x64-4f-yuv420p8-all-intra-full-rdo-qp22-adaptive-hw-v1-p8-dc738b4329a7,phase4-smooth-edges-96x64-4f-yuv420p8,22,adaptive_hw_v1_p8,19.797455968688844,0.4343584008946044,0.9931506849315068,0.9931506849315068,39.24,54.9359,56.752,55.6825,55.2175,0.008941891315705774,2.6306262230919764,28.675636007827787,PASS
phase4-smooth-edges-96x64-4f-yuv420p8-all-intra-full-rdo-qp22-adaptive-threshold-0e309b31793e,phase4-smooth-edges-96x64-4f-yuv420p8,22,adaptive_threshold,4.395303326810176,0.8744199049482807,0.9099804305283757,0.9099804305283757,39.12,54.9801,56.871,55.892,55.291,-0.07334211166177829,1.0357142857142858,14.321428571428571,PASS
phase4-smooth-edges-96x64-4f-yuv420p8-all-intra-full-rdo-qp22-adaptive-v0-83dc954abec6,phase4-smooth-edges-96x64-4f-yuv420p8,22,adaptive_v0,5.590998043052838,0.8402571987699189,0.9373776908023483,0.9373776908023483,39.12,54.9801,56.871,55.892,55.291,-0.07283665593168509,1.1291585127201567,15.16242661448141,PASS
phase4-smooth-edges-96x64-4f-yuv420p8-all-intra-full-rdo-qp22-fixed-k16-2caeb558447a,phase4-smooth-edges-96x64-4f-yuv420p8,22,fixed_k16,16.0,0.5428571428571429,0.9794520547945206,0.9794520547945206,39.12,54.8591,56.871,55.7166,55.1839,0.03738528503069993,2.0,23.0,PASS
phase4-smooth-edges-96x64-4f-yuv420p8-all-intra-full-rdo-qp22-fixed-k2-f43e144776fe,phase4-smooth-edges-96x64-4f-yuv420p8,22,fixed_k2,2.0,0.9428571428571428,0.7588062622309197,0.7588062622309197,40.14,54.3382,56.8406,55.7949,54.7817,4.305822458485631,1.0,14.0,PASS
phase4-smooth-edges-96x64-4f-yuv420p8-all-intra-full-rdo-qp22-fixed-k4-d0e7d5119194,phase4-smooth-edges-96x64-4f-yuv420p8,22,fixed_k4,4.0,0.8857142857142857,0.87426614481409,0.87426614481409,40.14,54.4822,56.767,55.5627,54.8581,3.6253911426913144,1.0,14.0,PASS
phase4-smooth-edges-96x64-4f-yuv420p8-all-intra-full-rdo-qp22-fixed-k8-19752ad28783,phase4-smooth-edges-96x64-4f-yuv420p8,22,fixed_k8,8.0,0.7714285714285715,0.9192759295499021,0.9192759295499021,39.96,54.4724,56.7202,55.48,54.8294,3.9466488690710344,1.0,14.0,PASS
phase4-smooth-edges-96x64-4f-yuv420p8-all-intra-full-rdo-qp22-cb445cefb31c,phase4-smooth-edges-96x64-4f-yuv420p8,22,full_rdo,35.0,0.0,1.0,1.0,39.24,54.9359,56.752,55.6825,55.2175,0.0,5.0,50.0,PASS
phase4-smooth-edges-96x64-4f-yuv420p8-all-intra-full-rdo-qp22-relative-satd-9f45b511760c,phase4-smooth-edges-96x64-4f-yuv420p8,22,relative_satd,27.2646771037182,0.22100922560805147,0.9926614481409002,0.9926614481409002,39.24,54.9359,56.752,55.6825,55.2175,0.0004861257212773751,3.8101761252446185,39.291585127201564,PASS
phase4-smooth-edges-96x64-4f-yuv420p8-all-intra-full-rdo-qp27-adaptive-hw-p8-c0b00d8ca62c,phase4-smooth-edges-96x64-4f-yuv420p8,27,adaptive_hw_batch_fill_p8,8.0,0.7714285714285715,0.9305283757338552,0.9305283757338552,35.58,51.5643,50.9131,50.497,51.198,3.9466488690710344,1.0,14.0,PASS
phase4-smooth-edges-96x64-4f-yuv420p8-all-intra-full-rdo-qp27-adaptive-hw-v1-p8-bc0104f71491,phase4-smooth-edges-96x64-4f-yuv420p8,27,adaptive_hw_v1_p8,17.45205479452055,0.5013698630136987,0.9980430528375733,0.9980430528375733,34.8,52.3263,50.6122,50.8547,51.6854,0.008941891315705774,2.2622309197651664,25.360078277886497,PASS
phase4-smooth-edges-96x64-4f-yuv420p8-all-intra-full-rdo-qp27-adaptive-threshold-d1d23523305f,phase4-smooth-edges-96x64-4f-yuv420p8,27,adaptive_threshold,4.395303326810176,0.8744199049482807,0.934931506849315,0.934931506849315,34.86,52.3432,50.7652,50.7448,51.7175,-0.07334211166177829,1.0357142857142858,14.321428571428571,PASS
phase4-smooth-edges-96x64-4f-yuv420p8-all-intra-full-rdo-qp27-adaptive-v0-0d55d28d95a6,phase4-smooth-edges-96x64-4f-yuv420p8,27,adaptive_v0,5.589041095890411,0.8403131115459883,0.9564579256360078,0.9564579256360078,34.86,52.3378,50.7652,50.7448,51.7127,-0.07283665593168509,1.1291585127201567,15.16242661448141,PASS
phase4-smooth-edges-96x64-4f-yuv420p8-all-intra-full-rdo-qp27-fixed-k16-4bed2eb00781,phase4-smooth-edges-96x64-4f-yuv420p8,27,fixed_k16,16.0,0.5428571428571429,0.9814090019569471,0.9814090019569471,34.86,52.3378,50.7652,50.7448,51.7127,0.03738528503069993,2.0,23.0,PASS
phase4-smooth-edges-96x64-4f-yuv420p8-all-intra-full-rdo-qp27-fixed-k2-180519241d87,phase4-smooth-edges-96x64-4f-yuv420p8,27,fixed_k2,2.0,0.9428571428571428,0.7544031311154599,0.7544031311154599,35.7,51.6355,50.8186,50.4025,51.2014,4.305822458485631,1.0,14.0,PASS
phase4-smooth-edges-96x64-4f-yuv420p8-all-intra-full-rdo-qp27-fixed-k4-513d559c5602,phase4-smooth-edges-96x64-4f-yuv420p8,27,fixed_k4,4.0,0.8857142857142857,0.9045988258317026,0.9045988258317026,35.64,51.3932,50.9131,50.497,51.0745,3.6253911426913144,1.0,14.0,PASS
phase4-smooth-edges-96x64-4f-yuv420p8-all-intra-full-rdo-qp27-fixed-k8-bf2746ea3421,phase4-smooth-edges-96x64-4f-yuv420p8,27,fixed_k8,8.0,0.7714285714285715,0.9305283757338552,0.9305283757338552,35.58,51.5643,50.9131,50.497,51.198,3.9466488690710344,1.0,14.0,PASS
phase4-smooth-edges-96x64-4f-yuv420p8-all-intra-full-rdo-qp27-51133b3b602f,phase4-smooth-edges-96x64-4f-yuv420p8,27,full_rdo,35.0,0.0,1.0,1.0,34.8,52.3263,50.6122,50.8547,51.6854,0.0,5.0,50.0,PASS
phase4-smooth-edges-96x64-4f-yuv420p8-all-intra-full-rdo-qp27-relative-satd-d2a95086f98a,phase4-smooth-edges-96x64-4f-yuv420p8,27,relative_satd,28.184442270058707,0.19473022085546543,0.9936399217221135,0.9936399217221135,34.8,52.3182,50.6122,50.8547,51.6811,0.0004861257212773751,3.9593933463796476,40.63454011741683,PASS
phase4-smooth-edges-96x64-4f-yuv420p8-all-intra-full-rdo-qp32-adaptive-hw-p8-5d20b7d464f7,phase4-smooth-edges-96x64-4f-yuv420p8,32,adaptive_hw_batch_fill_p8,8.0,0.7714285714285715,0.9090019569471625,0.9090019569471625,33.72,48.4387,49.5466,49.6094,48.7291,3.9466488690710344,1.0,14.0,PASS
phase4-smooth-edges-96x64-4f-yuv420p8-all-intra-full-rdo-qp32-adaptive-hw-v1-p8-084b28e4bb50,phase4-smooth-edges-96x64-4f-yuv420p8,32,adaptive_hw_v1_p8,17.30234833659491,0.5056471903830025,0.9995107632093934,0.9995107632093934,32.46,48.8031,49.4016,49.4645,48.951,0.008941891315705774,2.2416829745596867,25.17514677103718,PASS
phase4-smooth-edges-96x64-4f-yuv420p8-all-intra-full-rdo-qp32-adaptive-threshold-80e868bed21f,phase4-smooth-edges-96x64-4f-yuv420p8,32,adaptive_threshold,4.401174168297456,0.8742521666200727,0.9662426614481409,0.9662426614481409,32.46,48.7963,49.4016,49.4645,48.9467,-0.07334211166177829,1.0362035225048924,14.325831702544031,PASS
phase4-smooth-edges-96x64-4f-yuv420p8-all-intra-full-rdo-qp32-adaptive-v0-065ac63a8e3e,phase4-smooth-edges-96x64-4f-yuv420p8,32,adaptive_v0,5.418786692759295,0.8451775230640202,0.9936399217221135,0.9936399217221135,32.46,48.7963,49.4016,49.4645,48.9467,-0.07283665593168509,1.1105675146771037,14.995107632093934,PASS
phase4-smooth-edges-96x64-4f-yuv420p8-all-intra-full-rdo-qp32-fixed-k16-e12e61e88a4d,phase4-smooth-edges-96x64-4f-yuv420p8,32,fixed_k16,16.0,0.5428571428571429,0.9995107632093934,0.9995107632093934,32.46,48.8031,49.4016,49.4645,48.951,0.03738528503069993,2.0,23.0,PASS
phase4-smooth-edges-96x64-4f-yuv420p8-all-intra-full-rdo-qp32-fixed-k2-3b65d46f3a9b,phase4-smooth-edges-96x64-4f-yuv420p8,32,fixed_k2,2.0,0.9428571428571428,0.7592954990215264,0.7592954990215264,33.66,48.2617,49.7976,49.777,48.5971,4.305822458485631,1.0,14.0,PASS
phase4-smooth-edges-96x64-4f-yuv420p8-all-intra-full-rdo-qp32-fixed-k4-e7aedbfe4389,phase4-smooth-edges-96x64-4f-yuv420p8,32,fixed_k4,4.0,0.8857142857142857,0.9031311154598826,0.9031311154598826,33.66,48.7395,49.602,49.8093,48.931,3.6253911426913144,1.0,14.0,PASS
phase4-smooth-edges-96x64-4f-yuv420p8-all-intra-full-rdo-qp32-fixed-k8-e6efed977923,phase4-smooth-edges-96x64-4f-yuv420p8,32,fixed_k8,8.0,0.7714285714285715,0.9090019569471625,0.9090019569471625,33.72,48.4387,49.5466,49.6094,48.7291,3.9466488690710344,1.0,14.0,PASS
phase4-smooth-edges-96x64-4f-yuv420p8-all-intra-full-rdo-qp32-a3927c82c6f1,phase4-smooth-edges-96x64-4f-yuv420p8,32,full_rdo,35.0,0.0,1.0,1.0,32.46,48.8157,49.3613,49.4242,48.9497,0.0,5.0,50.0,PASS
phase4-smooth-edges-96x64-4f-yuv420p8-all-intra-full-rdo-qp32-relative-satd-692817a3d9bb,phase4-smooth-edges-96x64-4f-yuv420p8,32,relative_satd,28.180039138943247,0.19485602460162144,0.9980430528375733,0.9980430528375733,32.46,48.8157,49.3613,49.4242,48.9497,0.0004861257212773751,3.960371819960861,40.64334637964775,PASS
phase4-smooth-edges-96x64-4f-yuv420p8-all-intra-full-rdo-qp37-adaptive-hw-p8-14e94db91545,phase4-smooth-edges-96x64-4f-yuv420p8,37,adaptive_hw_batch_fill_p8,8.0,0.7714285714285715,0.9266144814090019,0.9266144814090019,30.72,42.7647,47.894,47.7101,43.7415,3.9466488690710344,1.0,14.0,PASS
phase4-smooth-edges-96x64-4f-yuv420p8-all-intra-full-rdo-qp37-adaptive-hw-v1-p8-99af4f451244,phase4-smooth-edges-96x64-4f-yuv420p8,37,adaptive_hw_v1_p8,10.002446183953033,0.7142158233156276,0.9995107632093934,0.9995107632093934,30.24,42.8282,47.8854,47.75,43.7928,0.008941891315705774,1.294031311154599,16.64628180039139,PASS
phase4-smooth-edges-96x64-4f-yuv420p8-all-intra-full-rdo-qp37-adaptive-threshold-ab5e6939f662,phase4-smooth-edges-96x64-4f-yuv420p8,37,adaptive_threshold,4.500978473581213,0.8714006150405368,0.99706457925636,0.99706457925636,30.24,42.8282,47.8854,47.75,43.7928,-0.07334211166177829,1.0445205479452055,14.400684931506849,PASS
phase4-smooth-edges-96x64-4f-yuv420p8-all-intra-full-rdo-qp37-adaptive-v0-129a6b2df036,phase4-smooth-edges-96x64-4f-yuv420p8,37,adaptive_v0,4.894324853228963,0.8601621470506011,0.9995107632093934,0.9995107632093934,30.24,42.8282,47.8854,47.75,43.7928,-0.07283665593168509,1.068003913894325,14.612035225048924,PASS
phase4-smooth-edges-96x64-4f-yuv420p8-all-intra-full-rdo-qp37-fixed-k16-9d9137dbe068,phase4-smooth-edges-96x64-4f-yuv420p8,37,fixed_k16,16.0,0.5428571428571429,1.0,1.0,30.24,42.8282,47.8854,47.75,43.7928,0.03738528503069993,2.0,23.0,PASS
phase4-smooth-edges-96x64-4f-yuv420p8-all-intra-full-rdo-qp37-fixed-k2-b24aadc7fe1a,phase4-smooth-edges-96x64-4f-yuv420p8,37,fixed_k2,2.0,0.9428571428571428,0.7720156555772995,0.7720156555772995,30.66,42.4005,48.2223,48.281,43.5601,4.305822458485631,1.0,14.0,PASS
phase4-smooth-edges-96x64-4f-yuv420p8-all-intra-full-rdo-qp37-fixed-k4-daae5b5437e6,phase4-smooth-edges-96x64-4f-yuv420p8,37,fixed_k4,4.0,0.8857142857142857,0.9207436399217221,0.9207436399217221,30.72,42.7248,47.894,47.7101,43.7053,3.6253911426913144,1.0,14.0,PASS
phase4-smooth-edges-96x64-4f-yuv420p8-all-intra-full-rdo-qp37-fixed-k8-9d58bea81977,phase4-smooth-edges-96x64-4f-yuv420p8,37,fixed_k8,8.0,0.7714285714285715,0.9266144814090019,0.9266144814090019,30.72,42.7647,47.894,47.7101,43.7415,3.9466488690710344,1.0,14.0,PASS
phase4-smooth-edges-96x64-4f-yuv420p8-all-intra-full-rdo-qp37-b32add2abf43,phase4-smooth-edges-96x64-4f-yuv420p8,37,full_rdo,35.0,0.0,1.0,1.0,30.24,42.8282,47.8854,47.75,43.7928,0.0,5.0,50.0,PASS
phase4-smooth-edges-96x64-4f-yuv420p8-all-intra-full-rdo-qp37-relative-satd-42fc7e484dda,phase4-smooth-edges-96x64-4f-yuv420p8,37,relative_satd,29.13454011741683,0.16758456807380484,0.9980430528375733,0.9980430528375733,30.24,42.8282,47.8854,47.75,43.7928,0.0004861257212773751,4.103228962818004,41.92906066536204,PASS
